{"train loss": 1.3114221096038818, "step": 21, "epoch": 1, "_timestamp": 1710227812.6467717, "_runtime": 7.826204776763916, "_step": 20, "_wandb": {"runtime": 5}}