{"train loss": 1.295007586479187, "step": 21, "epoch": 1, "_timestamp": 1710225296.186997, "_runtime": 9.447386026382446, "_step": 20, "_wandb": {"runtime": 4}}