{"train loss": -9.950157165527344, "step": 21, "epoch": 1, "_timestamp": 1710136995.6138108, "_runtime": 62.18170380592346, "_step": 20}