{"train loss": 1.3558800220489502, "step": 21, "epoch": 1, "_timestamp": 1710226215.2213836, "_runtime": 6.8247435092926025, "_step": 20, "_wandb": {"runtime": 4}}