{"train loss": 0.30069461464881897, "step": 21, "epoch": 1, "_timestamp": 1710137575.9619832, "_runtime": 62.2111930847168, "_step": 20}