{"train loss": 1.4057989120483398, "step": 21, "epoch": 1, "_timestamp": 1710228886.195716, "_runtime": 12.093019008636475, "_step": 20, "_wandb": {"runtime": 4}}