{"train loss": 1.3538999557495117, "step": 21, "epoch": 1, "_timestamp": 1710226697.2827258, "_runtime": 8.974562883377075, "_step": 20, "_wandb": {"runtime": 5}}