{"train loss": -5.753625392913818, "step": 21, "epoch": 1, "_timestamp": 1710223514.1502922, "_runtime": 11.380465269088745, "_step": 20, "_wandb": {"runtime": 5}}