{"train loss": 1.3036036491394043, "step": 21, "epoch": 1, "_timestamp": 1710224963.3033898, "_runtime": 9.010353803634644, "_step": 20, "_wandb": {"runtime": 5}}