{"train loss": 1.2663626670837402, "step": 21, "epoch": 1, "_timestamp": 1710228305.5529077, "_runtime": 7.919383764266968, "_step": 20, "_wandb": {"runtime": 5}}