{"train loss": -2.6739470958709717, "step": 21, "epoch": 1, "_timestamp": 1710147099.4767625, "_runtime": 58.732257604599, "_step": 20}