{"train loss": 1.4384477138519287, "step": 21, "epoch": 1, "_timestamp": 1710228751.2554169, "_runtime": 8.890475988388062, "_step": 20, "_wandb": {"runtime": 4}}