{"train loss": 1.3010878562927246, "step": 21, "epoch": 1, "_timestamp": 1710225070.6232767, "_runtime": 11.260531663894653, "_step": 20, "_wandb": {"runtime": 5}}