{"train loss": 1.302562952041626, "step": 21, "epoch": 1, "_timestamp": 1710224738.9120193, "_runtime": 7.654534339904785, "_step": 20, "_wandb": {"runtime": 5}}