{"train loss": 1.29207444190979, "step": 21, "epoch": 1, "_timestamp": 1710228468.535717, "_runtime": 9.855350017547607, "_step": 20, "_wandb": {"runtime": 4}}